dt,x,y,position,velocity,acceleration,jerk,heading
1.000000,0.447307,0.519639,0.500000,1.000000,1.000000,1.000000,0.092018
1.000000,1.285307,0.704427,1.358132,0.858132,-0.141868,-1.141868,0.370248
1.000000,1.943316,1.126524,2.139887,0.781756,-0.076376,0.065492,0.794728
1.000000,2.355343,1.793668,2.924009,0.784122,0.002366,0.078742,1.214711
1.000000,2.529736,2.615899,3.764531,0.840522,0.056400,0.054034,1.482363
1.000000,2.548000,3.048000,4.197018,0.432487,-0.408035,-0.464435,1.570796
1.000000,2.548000,3.048000,4.197018,0.000000,-0.432487,-0.024453,1.570796
