dt,x,y,position,velocity,acceleration,jerk,heading
1.000000,0.493251,0.021754,0.500000,1.000000,1.000000,1.000000,0.092018
1.000000,1.466230,0.238308,1.500000,1.000000,0.000000,-1.000000,0.370248
1.000000,2.300152,0.776285,2.500000,1.000000,0.000000,0.000000,0.794728
1.000000,2.823978,1.619363,3.500000,1.000000,0.000000,0.000000,1.214711
1.000000,3.027783,2.571740,4.476844,0.953688,-0.046312,-0.046312,1.482363
1.000000,3.048000,3.048000,4.953688,0.000000,-0.953688,-0.907375,1.570796
1.000000,3.048000,3.048000,4.953688,0.000000,0.000000,0.953688,1.570796
