dt,x,y,position,velocity,acceleration,jerk,heading
1.000000,0.539195,-0.476130,0.500000,1.000000,1.000000,1.000000,0.092018
1.000000,1.647153,-0.227811,1.635444,1.135444,0.135444,-0.864556,0.370248
1.000000,2.656989,0.426045,2.838480,1.203036,0.067591,-0.067853,0.794728
1.000000,3.292612,1.445059,4.039482,1.201002,-0.002033,-0.069625,1.214711
1.000000,3.525829,2.527581,5.146841,1.107358,-0.093644,-0.091611,1.482363
1.000000,3.548000,3.048000,5.667732,0.520891,-0.586467,-0.492823,1.570796
1.000000,3.548000,3.048000,5.667732,0.000000,-0.520891,0.065576,1.570796
